001,ebbaaece-76f7-4961-8094-23c05d8d4898.webp,e5559a7b994d3302
001,2300bb66-2dc1-46b9-be40-aa93ebd39269.webp,cd5da9207e3266c3
001,beceebfb-f6db-416c-9d58-4ad2bdf2ef1d.webp,9a7a674fb46c5812
001,90fcea69-3767-4677-ba57-57712ef6a560.webp,cf7d22325627994c
001,27fc1f18-be1b-4ea2-89a2-7de3f8a5497f.webp,f7a886598d192676
001,bec9e6fe-34eb-4171-bd4c-863f5bfb07cb.webp,f7ac865c8d192476
001,e7c7777d-4f61-40ec-be0f-93b0ef1caff6.webp,8b6b6021c32d95df
001,73464e8d-3bf8-4074-9a59-c34cd173964c.webp,beaec1084ee419e7
001,6d566343-f3b4-46ee-b56a-b30bab848ecb.webp,bfafc0896ec803cc
001,173c56d6-b180-4d47-9d09-938d236d2199.webp,e4d3964dc9246f32
001,ddb70000-4d21-4bd3-a02b-f2ecbb77fb44.webp,e4d3924dcd247b32
001,5463ab13-2db4-44c4-917e-122e7de306dc.webp,e1d39c6dc3304f32
001,ebdab1b5-fc68-4141-b4bd-933ddc8a7438.webp,a5fc50035c7c13ed
001,55364c5e-a17d-45a9-acf8-57ea884ee7b1.webp,a1e04e55562a71fb
001,7614d35b-6d66-4d6a-8500-e06f44d0c487.webp,a3c55e32747b1ce0
001,1070535e-4265-4cb1-848c-9895efdf8df1.webp,aef31ec13c9269a4
001,43f87473-5fef-49fe-9656-ba9109d6c4ea.webp,ac3cb34b48f65253
001,0b80614a-6f2d-4c75-9bf9-bc47d09c9de7.webp,9c5c297673035e33
001,fcbaddc8-2936-4c34-a447-36587deca558.webp,8d90f6cb39ceb230
001,e9ec782b-35ea-419a-8735-87542208727f.webp,87593aa549e66b32
001,e75c6ca2-0e0a-4ec0-9713-9a25a929bb4b.webp,83bd17d8acd3422d
001,071ea4be-ad5d-4333-882d-05083189fa03.webp,845a3eea0c730bfc
001,e128f51c-7ec4-4eff-bf1d-61aa21414d88.webp,ff51828a6c716792
001,4c5b966d-f08d-43a5-b383-4109ca4ef32e.webp,fd5590ca6c652d92
001,909ffd4d-bb82-4b62-a933-a7d3bdefb9a8.webp,fe70834a7c39e286
