001,1db67a85-1e88-4b71-bae0-9256b6a78f34.mp4,bdd0492fcd82ca6c
001,d7e0bb47-76cf-47b3-aab8-6adb1cd5e8ab.mp4,caf4f14c2b496273
001,b8a328b8-c12f-4ac0-a3bd-ee6ae4b5d577.mp4,d9b3644cc913f14e
001,d67cc233-483b-4dc2-8d2c-c7d69af842f2.mp4,e18d9ab2cb187267
001,4b163823-997d-4bca-8bd9-8e585a1a22e3.mp4,ac8cd51392922bef
001,345be3ff-2697-4f0c-9962-dd6167128efa.mp4,f24e0cf4b31acd61
001,add2e735-1c38-45dd-8c9d-999ed17cfa79.mp4,acb45303591b5d6e
001,6e81f499-e951-4b61-bd68-91619a4307c3.mp4,99fd47e61c01631e
001,deb3de0f-ff84-4709-97cb-38775061c916.mp4,9f8ee2f0f1659c01
001,82bae835-182f-4d6f-975d-25058814eb1c.mp4,edd79258898479a3
001,826c2725-805a-43b1-91ad-12eab2e476e3.mp4,a43ad3df481c5b43
001,fd4fc9ad-6cac-4082-b23c-4ba31d4d2821.mp4,8e7cf163962d8233
001,e200215c-5573-4b89-87f1-301f07c2d36b.mp4,b348f041c716cfbc
001,0bb0ead2-3187-4ebe-97e9-d84bdf0c2e1e.mp4,c5496db712ad3cc4
001,99557076-08f6-4f3e-9ca2-b6d127b9c3a2.mp4,9de0e26cc66934d3
001,e3888f1d-2610-412e-ab08-f6f56d26d958.mp4,9b73d42269cdaa51
001,36388c9f-18fd-4353-8920-7e82d747c7e7.mp4,e86b5b9f15a2c941
001,55ddc503-ba6e-4c7b-925a-5969a4750330.mp4,ec68b386c499f9c4
001,c47fe78a-e229-49d1-9359-4aa32918b815.mp4,0000000000000000
001,e330d36a-a82d-44fe-ae64-fc42f1b932e0.mp4,880ba9ecc473ef8a
001,5e72aa75-0b36-409b-879a-5def90dcb413.mp4,9f99e02f9d668950
001,65edc405-a246-4b70-b4ff-73cc8e7d12f6.mp4,d5994e5b19a76384
001,1db7ef44-3fac-48f6-bed5-3031816dc9db.mp4,d06b2b9c97689e25
001,fb8078d2-5133-40d4-9610-e42793ea6c63.mp4,90e1276e3b326f85
001,be3aa275-ffe3-49a9-8114-8a26c1e24874.mp4,d327af4a0737b142
001,87e3eaf7-a710-4163-a0fa-69da2e6f3923.mp4,d6f7a4e81ad81991
001,91e6ea26-c3f9-4522-82ff-749387dff1a5.mp4,8e3ef0529de4162d
001,15fd08a9-5938-45b7-a718-6f755b8bf146.mp4,b1a34edc5139cc66
001,e7927e22-2b9b-4dd1-adcd-056de306981b.mp4,85b0d38fd8693572
001,8560c252-301d-436f-8f62-cf113d74da4d.mp4,b838349193cbcbf1
001,583f0312-e8e0-4140-82dc-4acba1cf5b22.mp4,b1780d86939f829f
001,c830d9bb-7d3e-451c-9a99-4fcfdb7f3580.mp4,97f58e09731e6912
001,090c05ec-b768-4dd1-b2e2-f1513279defe.mp4,feac25a6468470bb
001,85707cf0-a1be-4a41-bb8d-24beade6b7af.mp4,ed9db2461d714c8a
001,efa552e0-4e5f-491c-a6d9-d1ac0dd48022.mp4,bbd0ce4cce383313
001,9c3b781b-93a6-4b77-8d07-35d499dee4c7.mp4,becf310ede38c2c0
001,5531b35c-cd0d-4a0c-b792-97c37fd2f298.mp4,91c9327af7c62932
001,2a9ece34-41e6-42ed-8d98-bbfe6c7280e4.mp4,861eb1377c50d565
001,2bf496e5-2db4-407a-819b-09e1d8e55d17.mp4,aa32d2abe554d88d
001,cb3ba831-8050-4ba5-8256-8a6f71757866.mp4,b0cbcf0ce63113b6
001,355d8e53-12d2-429f-9a87-5eb59af7312d.mp4,a186ce599eb86395
001,d8edfb72-68f3-4bcc-b4fb-b2dbb9a7138f.mp4,921927c7597c7968
001,4176e847-7872-446f-824a-4dd1826b09c5.mp4,9e36a6ac3721505f
001,5fd52da4-316f-45ec-8992-12b9ec5d2241.mp4,f3a18f4cac58cb32
001,ff930f34-3a78-44e7-b983-ab3df49a7da7.mp4,f7a6c8087562067f
001,d8f72e52-639a-4ce1-b9d6-dd3f45f64d12.mp4,e8f2061be9ac8d9c
001,71ecbaf2-41a4-4cd6-9ccd-4c7d440d2e6e.mp4,c290b5658f9d29c7
001,166439de-9c26-441d-8272-ff13feaf3b97.mp4,c1e426d95e7073a3
001,a657d51c-eff4-48e8-8603-e8d693f8ec01.mp4,b3b5d5cb0c92a38c
001,bb2575c9-69b9-401f-a837-11f9dc2bf541.mp4,9736727351c183b3
001,bfb4213e-5b0f-4cbf-b3d6-487323c8c9fb.mp4,b1d3c906c738b633
001,b3748fd3-21a6-4a50-909d-c9702966972a.mp4,93e3e6106b47a1ec
001,4175aca1-d2f8-42c4-bd3f-532951862af1.mp4,f9b0b7538c66d00d
001,32a1faa0-cf3a-4425-955f-b834010be307.mp4,cc2aa35d9967c48e
001,a1c04f61-1e7d-4451-8360-c7b8e2829d89.mp4,817e2a05756b72f8
001,8fb9d3b9-1ba1-431f-b5d6-0da3d4f47bb7.mp4,f0f08ff866cf1025
001,a3427766-4253-459c-bed9-c90136e84027.mp4,8ce4333d61d33639
001,3a0a94c9-deb2-4af2-95d9-1a3c8760c653.mp4,c62a2af32d94e86d
001,22d15136-a22f-4512-adf7-7f2fc4aaee59.mp4,8730f805ffe18e16
001,5272346a-f2df-495c-8487-809247dddf47.mp4,bfc6c039b74e2443
001,6d7561d5-6870-4edb-8da0-aeb23449b27d.mp4,f38e2d70b683493c
001,c9627bca-e520-433c-8d10-c1d5549ba7b4.mp4,b4c49ce91f926366
001,d3b94ee5-0655-4e16-b612-5b963f146889.mp4,97da659439f19861
001,98e5179d-7c54-4302-bba0-0f30cb3d369a.mp4,c26cb79368e71670
001,4451d7d1-3f0c-4dce-a5c7-8cf2acdb6d8f.mp4,d257a5aa98cc4baa
001,38dacbca-1983-4ed0-883b-859cd40b0ecb.mp4,b5b0ca5c9c65b24e
001,58a282c8-2c71-43d8-ba80-db172ae198fd.mp4,e2c8b5669c39c72c
001,1aed28c6-1433-4cf4-8723-a2cb4263a813.mp4,b6b3cc4c36710bc6
001,8c28bf5d-e835-4d8d-bcd2-a4b7332316d8.mp4,96cfb112fad09668
001,6e8eec78-2dbb-4cf2-b077-23ddb2abaa18.mp4,a5c5780dc3b666c9
001,544e9150-4601-4f3e-a1be-b44e058eea2f.mp4,adb0945fb858c9ac
001,aa69c05b-02a2-4cf1-89d6-0ced33f2ebd3.mp4,dec926b2c51e7922
001,9c2b1f11-afe8-47db-98d0-015f6b9a1040.mp4,900e5b356c72767c
001,279a9f7b-a14e-4e70-858b-ee65517500d9.mp4,95c3d31ad062d76a
001,fc35f6b0-2cab-4df5-9a5b-a5940f00e9b3.mp4,d5ea94418b24eb57
001,6007e7f5-7370-41bf-a280-2ee6261bc51b.mp4,94794be4c6e07d83
001,f30e635d-f87b-4310-8875-bd8bcb1e6a4a.mp4,8d861e59b6786794
001,141db6c8-4d1c-40c0-bdea-f00ff4cda3f5.mp4,e995dd119e623661
001,5171e69c-0b1a-4282-a098-8dc90fbc27cc.mp4,9dfb611ccec33184
001,45362ea7-e8ba-48f1-ae4f-80fa18782cd8.mp4,cb6ac9d99a999542
001,bd93e96f-6a3f-40cb-9b55-a72cd5acbfdd.mp4,f6d96566e88909a3
001,8d7ef0c4-0fe5-4d9e-b445-81e922683a72.mp4,e39a274151666ee5
001,6af58019-7a16-4b20-9ea7-bcf171ddb844.mp4,82b85bcfc6463966
001,452d8fd9-759c-44d5-968c-1a706fa65e80.mp4,bbc5953be03ac826
001,695e0e9e-55b2-4520-ae78-574203ae048d.mp4,a4c8d79a69678ad1
001,1a3457ac-b96b-4597-a751-f52723f3e3f7.mp4,a1e69a9c6b1ec631
001,5c784034-2218-472b-80b6-821bed9b6977.mp4,bf5f571f28c0d00c
001,cace9926-2585-4d88-a360-f1254f834cd1.mp4,d4b52aaa75d42d52
001,c4e657a6-56c1-4fc4-8161-3e6cd733d084.mp4,b5d3468e58e00f67
001,78692131-d60e-4991-976a-9fcf00c9c53e.mp4,e3f40e1af2bc608b
001,c9cc4f5a-5f90-4784-b13b-9fd6d513c8be.mp4,c734f5e1c31b1863
001,103e1844-1165-4d3a-ad0f-f7009c08610e.mp4,91d58f0cf54119f3
001,6602fc85-67a1-4ad3-b527-59cc6bcb041b.mp4,f5d58b589027568e
001,fb777e06-a7c2-4a72-85b7-a8fcb1c61747.mp4,a6ff2306d9c43968
001,2bea1884-51ed-4686-b4f2-ab4694dde051.mp4,f4e83189ade5d530
001,fa9a161c-271a-4832-a7b4-29a12ac96094.mp4,9a3b3dfd624005ce
001,3ce8266a-02f3-428e-b89d-3c9f6c68656d.mp4,f2528c52ea99dc8d
001,f4b790c9-2e31-4fe1-aa50-2621f1eb0448.mp4,f59a4863b348ae35
001,17cc2efc-7acd-43a2-941d-ef2e6717dfb8.mp4,838f34975961a76c
001,cb056f0f-717b-4001-904a-792216616345.mp4,9694fdc0c364b4d3
001,529a6884-926a-4179-9dac-11088febdfd6.mp4,b295cd1a3471378e
001,667a6a48-d7d5-443a-bdd9-93440735b6c0.mp4,f4938f4e304ece31
001,0353e978-ca9d-43cd-b9cd-97b30a25811e.mp4,b4a2ce8e99799ac8
001,95396bd1-ef96-485c-b124-c7f0683cdb5a.mp4,a0cfb270cba91637
001,712faa3a-d0f0-4f7d-b8a7-e2d078fad7d6.mp4,92e5cd1e69b2662c
001,d98c419f-cfaa-4c4f-ba2c-5242d4b90d6a.mp4,c1c9868c5b31cebb
001,8afbc954-8615-4fb0-9557-c3fb3754bbbd.mp4,cb0dbbb2d091750d
001,806a9c04-a59b-4c35-8387-255364b18724.mp4,f18699e6571a60e9
001,f91f4fd8-b16f-45f7-9823-a5b1b7895fcc.mp4,ffa724438c48b789
001,ed40aca3-8f7c-410c-8323-d25983feb3ea.mp4,fac6910b6c9527d8
001,40219e87-811e-4772-ad83-f119b4575e2e.mp4,efabe80b1fb0401d
001,d25fc0ce-1724-4ce4-bce9-21eda5818368.mp4,ec8b911c937c2667
001,115fd290-9927-4679-9873-c12622a10e60.mp4,b3d3cc18cc3353cc
001,0a3af723-6546-4a68-baaa-acd0937afc3e.mp4,e5b4d20b3921cbf4
001,bca88281-9db1-441e-b004-77ec0086b9a4.mp4,ec95936b34586d46
001,71e3c104-7a9c-4a85-ba66-4295170771db.mp4,c9ab135b03b4c9e5
001,6dee2ea2-146e-4a33-b086-8341faddb365.mp4,f289a9ac2359cd5a
001,6d40ad76-be1c-4c10-a04d-1e0f11260419.mp4,c5c4900bd959d76b
001,4936b595-1dd0-4a9e-9c8c-66549dd980ae.mp4,ad2dbde95b10e0e0
001,d55bc759-7ae5-4d89-ac58-e2be6fbffd54.mp4,cb8e349bcd31ca25
001,a51f5172-a128-41ab-9d4b-95db0ec75661.mp4,ebebb41c9a614e82
001,6509f75d-7085-4035-95c6-00f56ef20ea9.mp4,a39f3ce1160769b2
001,ca5705b4-783b-4974-8a2b-f42dcdf9a8e2.mp4,c79c127395629a6d
001,e8104b4c-2bcc-43c6-83ee-18b3ac06ac0f.mp4,b3f843366c057c69
001,a45e4f55-1859-471f-ab0c-3549437f291c.mp4,a7c4db198cf26127
001,1f27f951-b9e8-4938-b902-68a04335dba7.mp4,f5d04b0e30730fcb
001,4b049114-9bfb-4f8f-b598-2824417cac57.mp4,fdc380939c6c6c59
001,4bb054e4-853b-40fd-bd02-4f1eacc903a6.mp4,b7d6ab4960521b9c
001,3be8c59d-c03c-4f2d-a6b2-0195f5ef48d5.mp4,b80b89f1f6e8ce24
001,56ba54af-b759-4124-b75a-94f3269c8a6f.mp4,94d6532e686f83ca
001,e61661a2-9517-4a62-9cf0-c2828b3552a0.mp4,f0cb8578c33749ca
001,3fb3f2bb-ac04-4c8b-9f23-1a3c16032949.mp4,d5d48a4e74a273c5
001,0c05d322-b547-4597-8790-ca3e22e3b185.mp4,e9a3961c93669cb2
001,08cfa472-1f02-4782-be88-209aadb7a4d9.mp4,82b7594dc26cec78
001,1d922b78-b049-4c10-833e-9062c906c642.mp4,9ba37a59cdcd8224
001,868a54fe-c3f1-491a-8788-8eaafd44c120.mp4,fc2e77d1e1d800cc
001,313a1bcd-d2fd-4180-9711-b3de9313445c.mp4,c6aaf8562f691632
001,628cd112-8f97-4633-a8ee-92b3d0234617.mp4,f4f9cd0c32679843
001,ac57ff96-dc32-40a3-87de-81cd45a46fdb.mp4,e8b5cb19f4a71291
001,4880855f-3e9a-4d97-ba39-49bc9b1d454b.mp4,d5262e0da5a36ba9
001,8b292fd5-24b9-4d3a-92fa-365784d54fe6.mp4,ce0c71b154aab759
001,0d2b0c61-55e9-4c71-815d-8c1b5e6bf651.mp4,e48e9b72ce992c43
001,5ef51e55-e0ed-445e-be00-c30c38f5b682.mp4,a78f9e532dc04dd0
001,e535e8ec-f656-40f2-ae52-8bcb338137cb.mp4,8d8b731c91f151b5
001,43cafb33-778c-45a9-a795-a297a95b89a3.mp4,94d1d91be66c9b44
001,ad5e5f6d-ff69-4f92-97e1-61f1f7d078fe.mp4,e9eace2c09c73730
001,267fcd83-49b2-4bb6-bf7c-0a14d06de54b.mp4,cbda35da2529ac31
001,d700ef25-873c-4cd1-8250-75c7c68050ba.mp4,e035bf52a49793b0
001,712fdb21-5bd2-481d-b40d-9ff043fa3620.mp4,cef8a34399683c9c
001,f188abc7-d89e-43aa-a2f9-3a2a14fd5dae.mp4,95bec0cb8adc1cca
001,cb445073-ef52-49e2-a2d6-204711916623.mp4,ac2d672272e60ff0
001,0ecd502e-6979-4bd7-a646-a9879b6a4200.mp4,b5e49a3a49a5d278
001,2ba1593d-4269-4da4-baac-7b6ae4953277.mp4,ed928b1ce4279b4c
001,97448fe9-c444-4a3f-8901-094412e24970.mp4,f2e1876ccc3c3133
001,a24d8993-c7f1-44fa-a615-a74d338d1e1d.mp4,8a8bb974937b6ca0
001,8e917b4f-e0d1-4eab-9045-67720a6b145a.mp4,e106066dde797516
001,ed59e29b-04e5-41f8-88b5-b8aec6f09ecf.mp4,9220a5879e19b7b7
001,84aeb72c-c1bb-4849-980b-36d5a0a3d8a1.mp4,cde9911af1166c27
001,cc2fd9e6-cce1-4a5c-a719-cf8aac04ab3a.mp4,c2498d73b66a2cad
