id,filename,hash
1,5b11824ce62f470996524e63f044e9a2.mp4,7b4dea0e817cfeccbc7f06aabb2a4edc0bcacc07
2,88011362504a4841905d7483700cc042.mp4,1faeab9f30c24b1af5ca7b284aaa1df06048ff7d
3,66dda64756554d44b9830927230dbef5.mp4,1b95462888830b013b8023174c5184efc4e41453
4,475006589cfe41ecaa44ecf9adbad360.mp4,bc01af72815ee522df5f368b6b05c7adaf4f38ed
5,f6ba3df6abb54349ba6e9904cafb9e99.mp4,2ed04492279737e0dd453b2a23cebcf29ad4e526
6,7c5cefe220e049a09d7eb09f9071cbde.mp4,904875fc535bd97a8383bf5045c2848845164532
7,cb93bcfb81df4ceab0f89e98780967d7.mp4,b4a7c212c8ee4499e403e874ecd4ac50be45e67e
8,e0996108e4814e3e9eafa1febef27c84.mp4,d4d6c27b16bae4d7b288b89be13a513ac34e4c66
9,5470eb7fd67841e7b29c7ca0da005379.mp4,94d0d24faa6b54f66829f22a7a84f3d5201e3f23
10,bc2a172873d04e0bbc74a0a921497e51.mp4,30573e91520a0ea0cd4e62cec1064d3f30dfe49e
11,8cb1100fd3fa4b4e93b090b7bffac506.mp4,edd941a4709a4c3839d9d6a7e3e663c1a315b82d
12,5c417b0844b849dab4bb069f71f0e1bd.mp4,9a27cecbdf49750ef4b8f734a869c60d6b3e4176
13,59e7fcaaf749459ebf90a6081b4b2e67.mp4,56778da2a1be795040bbb09a47498866ade532ad
14,b9ddb5904ebb41fa92cf4b1c0eb50d64.mp4,2fb5a6728e5ed9f8cb4415e4786d5049569ff3bd
15,2b397861db864606a56fd6dbb962e697.mp4,1b2e69266ee36ea73c0ac4b28c90fdebf0cca0c1
16,54cfc37a549949598632caadaa23b4b1.mp4,35ff1de7938ccb89483d10d26dbb905cced7cc36
17,71477b4140364b729c04f7856e92f0e7.mp4,8a19b4e6f3cb641fe1452baec71a0165bcac0304
18,231399b6a3ab4e3d8ecd2176e79c2726.mp4,f8df6ef156581febbdd3776daac0f062dedbc02d
19,846b724ad46c4abf9df0cb3d372a11d1.mp4,c4deb6090690672962251f2829607a4d84e59e22
20,b54c85e392794667852cc51b86ba669f.mp4,046d460c5f0e7e28facd7af269ae6e887802e928
21,350092fb5fec4dbebf872bea83dcd3b8.mp4,58fa4a89994f10030ab32483fff4a83165465ade
22,6e58b944c34d4bfe953c8c98f5d67fa5.mp4,68d068cec1e0b2c7f7f4299fd008dad650ffb72e
23,f7f0687a4ef8469e975949cebeb02a1a.mp4,5aac46e0acb1d98f76542a8d84145f673b815788
24,6880241c72fd46a5a95d521ebe963221.mp4,eb7f2ef83352088ea7bc40a82d26dd09c6bda3df
25,eed703ef345646fda3431dec53a90d79.mp4,2365a403bf53c8761dccb3ca3155387d7671d65a
26,7b94a2a48884442b8da243b2d965c71e.mp4,1b707d7856dc095cf5f4afe189ee7dd2ae6d59d6
27,6fdd2cf37fbd44038f98ce4a4b5aaed1.mp4,341fd67e823ddd35d1180a04db0c2f13c82a21b1
28,27c8f46efa6440f384ab6eb0a26910b2.mp4,ee00f01d366830b21098c2c626e6a342a7ab644d
29,71a3c3a4e36e4080970efac9909b4473.mp4,99ff0daeabb98aafed95c426c30bde7a1cc95e4d
30,45d030f11a5a4fed84212eef2e5ead72.mp4,c592b5c1e7623cd92eb95d8454080d30e6a0e0f1
31,9c7cff3751524f329b63a65073a1de67.mp4,f94b32bcbdd168226bd076d584b94c6c88d121c4
32,980994168ae04bb7ba4fa24b0785dafe.mp4,df2eb8f65526f982cb69749ce514689c1cb18953
33,290410ec05bf4b259d853a1bc1b72720.mp4,831476ccc977b6de7c82ef5fbd946139aa2d77e4
34,89f835d3a98c4cb4a0d7369772e27696.mp4,0259e4eb156d1ec46a734416f07cb8acc830e996
35,0168401783d34ef5b6ef637bdad457aa.mp4,cd053105e8af2796f335e294a6b01386042ec990
36,e57920d88f474d77a63f66c0ba752057.mp4,4e6c45ff873c683234ceafdf07c4552dc5749b4a
37,32f4da9749ab4fb2a45a39f5cea141cf.mp4,1523f75e93503663ab3734f591f11db8cf1e4e7d
38,60b85262c20e40e288150876ac6fff25.mp4,4e6d70b0202cd7092699c9966255543f6a1284cf
39,8c7f16529643407085e86b8803d698dd.mp4,eb516cccae58ecdbb6f6d67b0d50e34ec6736782
40,d6ff8e369987474b8304e8cea2d000ec.mp4,e0269e54f623aa2895116dc36b21d15db6a7d649
41,75b8aa272a524ad1bf6faea1c7c55fdd.mp4,d74a10aff17a08b7e2b284e0e4079c15eddcb4ac
42,c186930a7f7a4aef874c6431e87b9364.mp4,13c309b2e843e15fb32be264162f979e21cd2f9e
43,4680fd0ede574250866e4a50f9217dd3.mp4,6895a6d5654f6d83d55e1bd2462674b69c690123
44,24a1072e41be4cc497c8905228a1f865.mp4,15869e4532a488053ed3a3fa2f23721702bce975
45,06b07ab88611450884911a586c7bb986.mp4,6c339cc7a7bbd3231399e91e05fdb5505e536bc8
46,b8004b5a9f264703bf9555bbcb4c6af7.mp4,4fc39302a3c390e395d8c201a0cfad64e720d35c
47,6f2f30945b7e4570add2f4ed13a716f0.mp4,dfe1434df7a728d802487e75065e2bdfd87cf115
48,3ffa9e99dfc041b7a91eac3a713cf5d2.mp4,f8c904687998fb6995bf18afe9df3e4b8a9d48bc
49,f058ab53b377419f861110a6e1b0dc75.mp4,b4b54841f6fc9f9ecb3b496a02a61df08f1c452c
50,cf1031c228964acfaa95726ffd50bdec.mp4,b4495622b07b5041fdc9cad7520b359080d0b59b
51,685e1d827cc84fa0a3f6929220870af4.mp4,2af377b8be08a6274501c674115f21084211b558
52,5c66f06f61f24fbd96c8992bff9fc70a.mp4,0777e7a02cd68cc5316e87fb3952045387cc2a05
53,85b3bfcb970c4a3ca47bbc735c4a68b1.mp4,3319f21c5e1275599ffe1e5167161a1e804b34f1
54,1582fddd260e40daaf88f0fbd7d33eb9.mp4,d311e5406dd17b888cb7c4d001b7caa69dd700da
55,b82bc0a89db04573b885628b49418815.mp4,492a67c0abb70f24450d1f42f4d5eb46d9269477
56,bd027af6017f4129afd86498a9d6e360.mp4,808e2c01fbd76b401d57e1f3ae539db7f3a5e55b
57,2ccd1a4a5da645c29b4bcadb08ddc2e3.mp4,048962434f24adfe7314efb988c9ed867cdadaaf
58,0340eefbc30d4730a7375bb53d5355c5.mp4,8baf955edac852b0af45afc9ba03af3cff6de1f2
59,57987ac8781348e1ab2a7f4f1ad2ee00.mp4,c9fe4e49c53007dac2857049da51bb4938a2fc1d
60,c4527d41699d4ac1aed2726d2c53bb17.mp4,658b4479f000323475cc353b9b3b57aa42f0e829
61,89382bbcbcf04903b34aac0592a61934.mp4,7cca10c12f07a83cb48ddd371cb9f40ede5efd41
62,0816b20b96de41e485c5810c7c0d8fd0.mp4,2a00a787e51e41f2cdf7133985253398dd6dc7be
63,87fef30930214fd190db686fecfec525.mp4,3acc6c8bb29cc8c9433c1769b5a5df9f90a04b34
64,f3198f9bee83439b952cae9aaeb32e5d.mp4,e4e12f3905cf6f26ef6e56b421ca5d64ec80c2d0
65,5086093d44e045f1af9f2746f12cc122.mp4,a10d81e240eebbacd6d609158b3df0e082ab2d1d
66,adfd683c47db4189acbe7aa0ee514206.mp4,9ff55c28bd99f9f5f46b10bc724ee3daac993c3d
67,52ac4fbd3fb14136bf86290283f24074.mp4,c8e77c56d301cb8551a962d299a6983eda2cb8b3
68,fa63896910a943be9a70fee51cb827ae.mp4,8980b6c115da8512c0b909d5e1b5f1a95f73e9d3
69,390f3e835e054b878bb2c6418245057c.mp4,38cd53101854d7dde3d40ec0f3058f8eeb95b27c
70,d2b943ed4c0c4617aa4f7e0d958dd84a.mp4,b1e5615706552c52919cb04a4c91c98c144e0844
71,73a95a8f6f6144b8976d5ce3dbeed261.mp4,bf8cba7dbe5c629ef387dc29866c8904c731844b
72,e26baec6cd6d4b098fac111e92f8399b.mp4,5503ec4df6f1c41308aae231e9deec97789d8a46
73,f2eda21e67714720a026f319a95d08d6.mp4,6cba5bccbcea66a92e4e1b6c40f8debd7440d957
74,9e679f3a587441cf9dbac8808912bc69.mp4,2c4706e4239852b03622a67b666e2f497f85a1ad
75,06e4159806d64d0b871ec73a68c309ac.mp4,5c2cb650c97686226ea4079c7b42905c5b3bb40d
76,3b8ffc3718524222b455cc2d55bdde40.mp4,be27161d9f9296b65a61a01e49d1c93d0303e521
77,7c4bcca4651c4a7eac222e8a0e0e6a6b.mp4,03f0eb34d8a002cb46e5c96afd3a9c9d604b9463
78,ee6822b06d8d42af8026f9015690fe27.mp4,44e528e6eeda6d8ec94c840090b937770fd05bf7
79,8a8cc35e309c4d70b1fb0c0cd5fc3b48.mp4,eba150edb93b2138e3ae4945acf5e68ac8a30804
80,c5e4d4503a4545b2950f1e5cd80790dc.mp4,078446ff6a2f9e3db7d1d74e7afbb39fa1d71184
81,d366f1ad7c584e08bd0ddecd8c05fcaf.mp4,fb3169e66d3f83c54c2cbab421b09138cd4459da
82,e58431f30d5040819da6eecd8b5a4fd7.mp4,c39dc6fd702565eaadb7a898373f324623130af7
83,001954f484944ab89ed51355c82c9bc0.mp4,409b8cad96f71af9a80973aaa5619817e6434edb
84,9f26e414c1c549b1a389325488dd092c.mp4,f9e207feb80d4d497b7e859ad600fad4d2271c85
85,0a87807439ab430b9aa81cb8cd7f90b0.mp4,e1489fe433890d467a108bd7dd2111802b265b37
86,d165b682592d40ba9dd59ffd7bc05053.mp4,5d9e063c22e7a859488d4d024d8e69c6472875fe
87,74b3305b9e024af9b67b1b54ea2628d6.mp4,6dba344426cce3dab7f57a8fdf2b72884f566602
88,fdd83193fa6048818443e6fbdf1ae1a9.mp4,ea88b8dde597bc965a20390bdd8abe898b95baf9
89,755ff310fa584e94a7366448e400c8f1.mp4,a59aa550db267fdbda14cc1035303148d0351f32
90,b471a36b8b794344bd737089c6ddd2f1.mp4,25be429f29157187866b7ce613cdf6619daef13a
91,ec2b986975b749469bb86058f3c7b3c7.mp4,783d8e1c8fb23f45294d4642e2747d03d2efe7c9
92,faf8700720214429a9002a4df2b021cb.mp4,674dbf28db172e6a6009280069dbebb5f91b0524
93,56aba9bb98124bcb96cc211e3e0278d5.mp4,18f77130217266f46b2344a1f909be9e84d0fc41
94,60a0c743f2f84c30a6b94565ed5cc43d.mp4,b761f71e81667485c4f4230a61bde9d7a218810d
95,fb56ec01cc694e728d854aa79f808645.mp4,f13976f7753a43952759058643c3fad52754c3a6
96,4183f8dbf830455d86dc5c8696ee0220.mp4,c1de9b54aeba33fd5b83ea2610e6017c021d56d1
97,f4071027e03644919f69967ecf098227.mp4,db9d9d045c6a1b26411e9e7c5563db75f01574db
98,8706d970572c4bd5b48c8e8ef2c95744.mp4,7fcfc60c5afe8c8080fdb460f0adddb370e194ff
99,b7f7ba55c52f47e581c737899ee0fa56.mp4,d604c00c01fcb4acb7ffdb9361a4e26f3eb05018
100,a360f3b12fa14624b93521a13a0e93a9.mp4,92b0a5e6722092c2994f63a03c5db8ac130f02d7
101,c764a55ed1224235a52da3271cc8fe6c.mp4,14ae01a0a3654cd70d8bceb2fa34f021be42b771
102,1333261627e04c8486cebd5c16a4d050.mp4,0720d7d42c7e9150ba20ab14c36cd4d1867c3107
103,0c9b8e480e9a46a3854b05c391dc34ba.mp4,fd7c69173b0528e6ae03c795bea436e9be0eb844
104,673af929450a4d37aa15d0c00c9a437e.mp4,c4d5b25099952fbc4fffa598fee7bf9c057b2ee1
105,2994d6b8d89145a2bd72c8ef763b0017.mp4,019fffd505375f908e3c22dbc18a452e040e0a56
106,90bbeacfebf64959a46a1d9d9891cdbe.mp4,1e7a55bd1bb26e9f711bf1616589653e980e98cd
107,22be9ea60eee4b2d8d3215d8339fa05d.mp4,398442e2d2cf8a40f1974353ee2666e90829fb11
108,37f190d8ec1d4124b1e1f12a97164851.mp4,d8a46bbf73d76d81cff86e802e97ec8c2b2dc446
109,ff86acca9e4843a2b21d9bb2193ccc77.mp4,ffe7b4a82565fc569cd835b64c1432b16152f483
110,cd2ed6848a3449f2a1f86a33b3824f8f.mp4,3e6e93ee0855a45b6b38558d22b7bc3bd24900a0
111,2edeb453c85f403987a0a6621454936d.mp4,5f032c39c557161d6caccedb133dd7abd4ce2153
112,9803c094f20b48c1b9e5c50ea22b8cfe.mp4,9825f277090848864a29126054126aa2d6a936d2
113,79c9d172dbec435abffb3ca3947fe50e.mp4,7cf0927714cb8632f459b9f399ee69b7f81cbaec
114,7f1cd1876f604d7fbac346bbe5c805dc.mp4,eafe0da3ba7cf01f35f96561a5be66ca3729526a
115,ee16665f69dc417c866602b2b2b8d987.mp4,a060e27ad02ad9b073dfb5a7beb5e4d0c8174790
116,1ca64fb28a2a49208a801746ab112de7.mp4,bdfd2dc27d1166f8c666dd100615f354849da7f8
117,ea02e3da695f456bbfbde6583540f36e.mp4,70ce90cffdf11e8895da7a469964f862d94e4a6b
118,cd94df68641e46b599d3b8b8976c43d9.mp4,b70768069e73e42b28f748e8b17ef7c8fe03ab17
119,7e85b6a9199143cab93c50bd8e4d3fa5.mp4,78ca15568e8868ccfcc60599a02c3f956e7dbde0
120,2efe91fe68fa4f4aa81339a84ef70d01.mp4,5a7c58d0b039a9dfe657d44ab006e0e962d304ef
121,f4cc52e9e8af4a4382687d3a3eecd5d9.mp4,41722b971294983da63979d861498b887f5176a2
122,384b40e6ade948e09d80bd1bc42f1ff0.mp4,a4418680f1d895a48d67abc2d82309138708d979
123,1ea06d1b55e5451aac1fbe12a0972e49.mp4,50ac1d61ff6871ecabb8712a3d2bb54a4281038d
124,1f6552428db04dce804d862232a4d9f9.mp4,66cf5bcf81f5cca403b16db667e3ee87694662d4
125,1e1ba7c0cfe54459882a5bf4c2e39561.mp4,a8933a55c4ced6ea1c7a1252af80e66bc3f64028
126,d51f7a2f2f85418b9e8136c2ea1626c8.mp4,bc623f7133e11d8b00452e18f19759529b449673
127,40a97433142d44b7b742ac996f4e2f18.mp4,b5ed98fdbd55ec1e3c62ae3c674554af2085462c
128,47886282c0124289a896240c9749accb.mp4,5c381f2c0918eff14c795d23fb36c99ed4498866
129,6061c33e912741638f94f7d18a6f5eed.mp4,49b8607c30074771b7ddd29bec6fcc2ac4c0c1c7
130,a54c2364c693425282404c89f790f032.mp4,7a8106e1a0a944ea33c95a01e9d42574b7694a5d
131,a585003637f74cb2839128fed3ddad15.mp4,d95f0079fd8814dd312d9b589185ee6f2c427a0f
132,90dec242917446599714647e5c32f2d5.mp4,91d817c5f593951d410c4750dbe4a67214123471
133,efd13e1c33df46d0ae4d4f5c3da890a3.mp4,5d9f64bceb3a04ab69c7e9aa0735dcdb90961b2a
134,9ef59bcc7b4f40e9a2f92754ea35e09a.mp4,15c0a5f5a65107e05355141c535f565a4f0fabd7
135,de778ae583024f0aac04256182431689.mp4,d2277f7cbec6fc9a7f39e64996fee73a96f5c2aa
136,7488cfdf34f745e592e8fc5744e7a284.mp4,06d32c0a45e183b520270e5b595b3be738c7ffb2
137,62454e952a24446b96be55f27bac6873.mp4,fd44dafa5285b17c6595db9af06bcccb54b6ff7e
138,0891004dab9a410ba626292d7a303663.mp4,c18e543836651bad8d8a2e640f07b39ec8ace7ba
139,9cd20ff081cc4e4f9b988c01e89bf77b.mp4,31a5567562516e219decede134d525be4fcd8cdc
140,e0934397c86c4a789a67812d76b6865b.mp4,1e0a6c49e2efcd2c3bed87f230a3195f68dcf6ef
141,f0cf2ecfc063492aa795ee03235603b8.mp4,b57d07f48ddc9133f46dd77db457860b2de6b7da
142,e6364842a27d4fe0ad4c6e5226971c2b.mp4,9b324b7e37a7b62d0cce1fe8d3b05b6b2d76df9b
143,c5c1ef002726461193f2ea67b2ce0cbe.mp4,ce2ab1eb43a59f441c46489f61f39bc50cb6924a
144,05111a363a534be19c20e4d837ee70d7.mp4,46afc529be44aae13962959b9c7d4cf21b1fcf1e
145,58141ffbb8cf4ba6bcc3494e99ead5b9.mp4,a9a069d89b252dd51bd6525b9bb90bea377a418f
146,0683e35b348341d2970a6abfdd784ced.mp4,019fcad47dd565358efe37fadd82a9af68f46366
147,a453f65d0fef48dc92f006276082f9db.mp4,063a2f1a7c620f8d1d56f77bbc197d37936c7d29
148,69db56bec8f24d50bcb6f904658b03c7.mp4,ac2103102b40a7186b96c144ceb558bd3918db96
149,78cbf84344534811be15c85c14684750.mp4,dd7954aa250ac52eba734f006d6427bb61a5a4d0
150,02e6bc771c0f4283bbe322a8dc8f7b83.mp4,e376d087c6014212fc8b915de0c9722f361ad735
151,3d07cde237684956a3f13cb12d033911.mp4,2adfb749494e1e2e9a28b81b4b9e087a643cac42
152,c1433d416b9542bc9d4b260b4864d85c.mp4,b7dfb36e566b4cf900e097f4156f05f83744a5f2
153,4a1ca2dafd6c482fae17422150a66616.mp4,d76f051e356600958a5514e6c5b281d1b1edb01a
154,4351a4625f1843d6a68351e651c0c9e4.mp4,208df76a2f582da071b49e931d2511e226dd7f56
155,f202e76d0a024e69b1e3d8c12b4523ac.mp4,bf400f2b5805537c0100485ee5f11e39aa33dcd0
156,ecf990f23e184bf3a613d77f7ea9a7c7.mp4,0e43c8a3261345888ae779da727c9a1db811ccfe
157,69c1cd45e4734e8db3a1674ea0e84ca8.mp4,d29fc17987a8227d1bfa94b018751913e34cddc2
158,a591cb9186bf43559946b57bfe1de440.mp4,3afa93e97048811775dbdee85dd8f157be62855a
159,312aec23208d451aa7ab2a5bc0a66068.mp4,20172adfd044e11245462a4d6aa98afeca667e85
